Sector,Expense,CustomerName
Healtcare,2000,Ege
Food,1500,Ege
Transportation,650,Ege
Housing,200,Ege
Education,1000,Ege
Healtcare,100,Ayşe
Food,4000,Ayşe
Transportation,1500,Sema
Housing,20,Ayşe
Education,1000,Ayşe
Healtcare,3800,Ayşe
Food,3000,Sema
Transportation,450,Sema
Housing,90,Sema
Education,480,Ayşe
Healtcare,1700,Sema
Food,860,Sema
Healtcare,300,Sema
Food,3080,Sema
Transportation,360,Ayşe
Education,1000,Ayşe
Healtcare,190,Ege
Food,6000,Ege
Transportation,200,Ayşe
Education,1300,Sema
Healtcare,2000,Ege
Food,1950,Ege
Transportation,400,Ayşe
Housing,200,Sema
Education,1500,Sema
